Metric,Value
mAP50,0.3588564530194794
mAP75,0.09154668107689208
mAP50-95,0.1475375033719664
