Metric,Value
mAP50,0.9539111665203508
mAP75,0.852766864564939
mAP50-95,0.6928200904174684
