Metric,Value
mAP50,0.7552397042264595
mAP75,0.4296745211478214
mAP50-95,0.42486531795263627
