Metric,Value
mAP50,0.4805220965414702
mAP75,0.2011206281918151
mAP50-95,0.23786427787258332
