Metric,Value
mAP50,0.8104008152210556
mAP75,0.39810289451541525
mAP50-95,0.4375279298308255
