Metric,Value
mAP50,0.7623510339109564
mAP75,0.3001615127078585
mAP50-95,0.37293142452499745
