Metric,Value
mAP50,0.5881289504591818
mAP75,0.2265082543679963
mAP50-95,0.28926385419722916
