Metric,Value
mAP50,0.7437930096349685
mAP75,0.21732781982852656
mAP50-95,0.3359998122730143
