Metric,Value
mAP50,0.9552628117201823
mAP75,0.846271182158289
mAP50-95,0.7042574662175957