Metric,Value
mAP50,0.40336774104548356
mAP75,0.09766741215459884
mAP50-95,0.16508565193973881
