Metric,Value
mAP50,0.4388545248573047
mAP75,0.16105431053415786
mAP50-95,0.20806589308231813
