Metric,Value
mAP50,0.709494979972218
mAP75,0.18625096672147198
mAP50-95,0.2895022539780475
