Metric,Value
mAP50,0.770150422331944
mAP75,0.3794323749075692
mAP50-95,0.4120544036692182
