Metric,Value
mAP50,0.7386188269026291
mAP75,0.3795060128961653
mAP50-95,0.39488582449070364
