Metric,Value
mAP50,0.527577313507091
mAP75,0.1584501749198141
mAP50-95,0.23797074849242753