Metric,Value
mAP50,0.7361598235644279
mAP75,0.28289668087076725
mAP50-95,0.36296441989291517
