Metric,Value
mAP50,0.3469994385489268
mAP75,0.06402224308017283
mAP50-95,0.13049272201322595
