Metric,Value
mAP50,0.3345918084179529
mAP75,0.05080157818857278
mAP50-95,0.1154023884170813
