Metric,Value
mAP50,0.7253198332876319
mAP75,0.2979006029232256
mAP50-95,0.3597874989456628
