Metric,Value
mAP50,0.6827301109767379
mAP75,0.3095073325786537
mAP50-95,0.34935061874340545
