Metric,Value
mAP50,0.5822115293997274
mAP75,0.26442676276618
mAP50-95,0.29995653571889486
