Metric,Value
mAP50,0.6361317046359907
mAP75,0.19929741757030764
mAP50-95,0.2827581025654377
