Average Mean Error,Average Mean X Error,Average Mean Y Error,Number of Best Classes
7.899477440368743,-0.7617579282959587,-0.09471481973889631,162
