Average Mean Error,Average Mean X Error,Average Mean Y Error,Number of Best Classes
4.885389748851763,-0.24552583172749465,-1.1833128443571006,340
